Titles,Prices,Stars,Orders_Count,Seller_Rating,Seller_Followers,Shipping,Likes,Discounts
מטען מכנסיים קצרים אלסטי מותניים דק רופף כיסים להאריך ימים יותר לשמור קירור שרוך מוצק צבע קיץ מכנסיים קצרים מטען גברים בגדים,₪8.42,5,292 נמכר,80.5,119,0,452,1
אסטון מרטין 2023 F1 צוות חולצות ספרדית מירוץ נהג פרננדו אלונסו 14 ולטייל 18 מכירה לוהטת גדול חולצות,₪37.16,4.1,"2,000+ נמכר",81.2,210,0,606,1
2022 מותג גברים של חולצת 3D הדפסת בעלי החיים מלחמת שוורים יק צבוע סופר נחמד עגול צוואר חולצה רופף ונוח גדול,₪43.23,4.6,47 נמכר,91.5,103,1,40,1
חדש קיץ 3D T חולצה התקפה על טיטאן גברים נשים ילדים מקרית אופנה Streetwear ילד ילדה ילדים מודפס חולצה מגניב חולצות טי,₪29.18,5,14 נמכר,89.8,58,0,7,1
בז גברים של חליפות 2 חתיכות אופנה מתכת כפתור Notch דש חליפות עסקים מקרית Jacket חתונה אלגנטי שמלת בלייזר  מכנסיים,₪297.54,5,1 נמכר,100,6,0,1,1
ברזל ליידי 3D מודפס קצר שרוולים 2022 חדש גברים ונשים מקרית loose זוג חצי שרוולים חולצה,₪23.03,4.2,103 נמכר,96.2,30,0,86,1
חדש רשת כושר חולצה Mens Singlets אופנה כותנה ללא שרוולים חולצות גופייה גברים אימון אימון כושר אפוד כושר גברים,₪32.12,4.5,59 נמכר,87.9,2590,0,39,1
2023 גברים של חולצה קצר שרוול מוצק גברים של Loose חולצה גברים של למעלה חדש לגמרי מותג גברים של 3D חולצה קצר שרוול,₪29.98,2.1,800+ נמכר,74.6,202,0,382,1
גברים גופיות כושר חדר כושר אימון גופיית חולצה זכר סווטשירט פיתוח גוף Singlets ריצה אפוד סוודרים,₪3.88,3.3,106 נמכר,93.5,4637,0,95,1
2023 קיץ חדש צווארון עגול חולצה מזדמן אופנה טהור כותנה טהור כותנה צווארון עגול קצר שרוול גברים של כושר ספורט למעלה חולצה,₪85.26,,,84.2,36,0,,1
אבירי טמפלרים 3D הדפסת T חולצה אבירי טמפלרים אופנה מזדמן חולצות גברים נשים היפ הופ Harajuku Streetwear T חולצת טי חולצות,₪18.97,4.8,55 נמכר,87,416,0,74,1
גברים של קיץ חוף מכנסיים רשת רצים ספורט מזדמנים ריצה מכנסיים קצרים אלסטי מותניים מוצק צבע קצר מכנסיים Sweatpant Dropshipping,₪32.16,4.7,22 נמכר,89.2,465,0,29,1
דרו בית כפת גברים נשים ג סטין ביבר חיוך היפ הופ כובע streetwear סקייטבורד רכיבה על אופניים רכיבה על אופניים טיולי caps,,4.8,83 נמכר,93.1,462,0,270,0
אביב ובסתיו 100 כותנה פשתן מכירה לוהטת גברים של ארוך שרוולים חולצות מוצק צבע Standup צווארון מזדמן סגנון בתוספת גודל,₪48.06,,167 נמכר,100,24,0,206,1
גברים של תחתוני כותנה מזדמן גופייה גברים גופיית פיתוח גוף באיכות גבוהה ללא שרוולים Slim Fit Vest גברים גופיות,₪10.70,,99 נמכר,94.2,1501,0,44,1
גברים של אימונית פולו באיכות גבוהה קיץ חוף סגנון מכנסיים קצרים מזדמן 2 חתיכה סטים מוצק הדפסת חולצה חברתית יוקרה זכר בגדים,₪76.03,4,92 נמכר,73.7,46,0,526,1
Phechion חדש אופנה גבריםנשים Mortadelo y Filemon 3D מודפס קצר שרוול מזדמן T חולצת ספורט היפ הופ קיץ חולצות L217,₪49.34,5,3 נמכר,97.7,8,1,2,1
קיץ חובבי דיג 3D מודפס דגי דפוס חולצה אכזריים דגי קצר שרוולים קרפיון חולצה עגול צוואר חולצה,,4.5,15 נמכר,91.8,157,1,15,0
קיץ גברים של חולצת Slim עסקים מקרית ארוך שרוולים חולצה גברים של בגדי גברים אופנה חולצה,₪74.72,3,251 נמכר,86.3,563,1,188,1
WENYUJH גברים של קיץ חדר כושר חולצה רחוב ללא שרוולים חולצות לגברים גופיות אימון כושר Singlets ספורט אפוד בגדים,₪20.31,4.7,133 נמכר,90.2,1650,1,162,1
גברים של אימונית כותנה מוצק צבע קצר שרוול רוכסן פולו חולצה  מכנסיים סט לגברים מזדמן Streetwear 2חתיכה חליפת 2023 קיץ,₪333.45,,4 נמכר,75,15,0,6,1
23SS מלאכים Mens נשים מכנסיים קצרים מכתב הדפסת גברים של מכנסיים קצרים חדש לשני המינים ביץ מקרית חוף מכנסיים קצרים,₪155.62,5,44 נמכר,95,97,0,57,1
כותנה Mens פיתוח גוף טנק חולצות O צוואר כושר כושר גופיית אופנה זכר שרוולים חולצת ספורט אימון גופיית בגדים,,4.2,19 נמכר,91.9,865,1,39,0
Lomepal למעלה גברים מצחיק מנגה קיץ טי איש 2000s harajuku בגדים,₪31.53,5,33 נמכר,89.9,436,1,32,1
חדש קומיקס בת סרט 3D מודפס T חולצות מקרית גברים נשים ילדי אופנה קצר שרוול ילד ילדה ילדי קיץ מגניב חולצות טי,₪36.71,4.7,56 נמכר,95.7,39,0,53,1
קיץ גברים של T חולצות רחב מימדים Loose בגדים בציר קצר שרוול אופנה אמריקה מסלול 66 מכתבים מודפס O צווארון T חולצות,₪21.89,4.6,134 נמכר,85.7,60,0,70,1
גברים של כותנה ללא שרוולים חולצה בעלי החיים אימון פיתוח גוף גופיות שרירים כושר חולצות זכר כושר גולגולת חית סטרינגר Vest,,4.4,500+ נמכר,,,1,,0
גברים כותנה פשתן חולצה חולצות קיץ זכר תורו למטה צווארון קצר שרוול כיס כפתור מזדמן מוצק חולצה חולצות SZEST22120,₪14.35,4.8,59 נמכר,87.8,6716,0,31,1
גברים גופיות ללא שרוולים חולצה פוליאסטר רשת חומר מהיר יבש לנשימה גברים אימון כושר כדורסל למעלה טי,,5,83 נמכר,97.7,0,0,28,0
פופולרי חדש בעלי החיים פופולרי כריש לבן גדול 3D הדפסת חולצה רטרו גברים של קיץ מזדמן אופנה יוניסקס חולצה למעלה,,4.8,35 נמכר,,,1,,0
S7XL בתוספת גודל חדש גברים של 100 כותנה אוקספורד חולצות גברים ארוך שרוול מקרית Slim Fit שמלת חולצות זכר עסקי חולצה חולצות,,4.8,104 נמכר,,,0,,0
מטען מכנסיים קצרים אלסטי מותניים דק רופף כיסים להאריך ימים יותר לשמור קירור שרוך מוצק צבע קיץ מכנסיים קצרים מטען גברים בגדים,₪8.42,5,293 נמכר,80.5,119,0,452,1
אסטון מרטין 2023 F1 צוות חולצות ספרדית מירוץ נהג פרננדו אלונסו 14 ולטייל 18 מכירה לוהטת גדול חולצות,,4.1,"2,000+ נמכר",,,0,,0
2022 מותג גברים של חולצת 3D הדפסת בעלי החיים מלחמת שוורים יק צבוע סופר נחמד עגול צוואר חולצה רופף ונוח גדול,₪43.23,4.6,47 נמכר,91.5,103,1,40,1
חדש קיץ 3D T חולצה התקפה על טיטאן גברים נשים ילדים מקרית אופנה Streetwear ילד ילדה ילדים מודפס חולצה מגניב חולצות טי,,5,14 נמכר,,,0,,0
בז גברים של חליפות 2 חתיכות אופנה מתכת כפתור Notch דש חליפות עסקים מקרית Jacket חתונה אלגנטי שמלת בלייזר  מכנסיים,₪297.54,5,1 נמכר,100,6,0,1,1
ברזל ליידי 3D מודפס קצר שרוולים 2022 חדש גברים ונשים מקרית loose זוג חצי שרוולים חולצה,₪23.03,4.2,103 נמכר,96.2,30,0,86,1
חדש רשת כושר חולצה Mens Singlets אופנה כותנה ללא שרוולים חולצות גופייה גברים אימון אימון כושר אפוד כושר גברים,₪32.12,4.5,59 נמכר,87.9,2590,0,39,1
2023 גברים של חולצה קצר שרוול מוצק גברים של Loose חולצה גברים של למעלה חדש לגמרי מותג גברים של 3D חולצה קצר שרוול,₪29.98,2.1,800+ נמכר,74.6,202,0,382,1
גברים גופיות כושר חדר כושר אימון גופיית חולצה זכר סווטשירט פיתוח גוף Singlets ריצה אפוד סוודרים,₪3.88,3.3,106 נמכר,93.5,4637,0,95,1
2023 קיץ חדש צווארון עגול חולצה מזדמן אופנה טהור כותנה טהור כותנה צווארון עגול קצר שרוול גברים של כושר ספורט למעלה חולצה,₪85.26,,,84.2,36,0,,1
אסטון מרטין F1 צוות חולצות ספרדית מירוץ נהג פרננדו אלונסו 14 ולטייל 18 מכירה לוהטת מכירה לוהטת גדול חולצות כובע סט,₪42.56,4.5,800+ נמכר,89.8,761,0,169,1
2023 חדש סגנון Jogger כושר גופיית אימון פיתוח גוף גופייה אפוד חולצה ללא שרוולים כושר כותנה חולצה לגברים סיטונאי,,4.4,436 נמכר,90.9,673,1,661,0
גברים של תחתוני כותנה גופייה גברים גופיית פיתוח גוף באיכות גבוהה ללא שרוולים Slim Fit Vest גברים גופיות,₪16.40,,4 נמכר,78.6,280,1,4,1
אופנה רוסית סגנון חולצות אנאלי חולצה Ukrain כיתוב הדפסת גברים חולצות חולצות קצר שרוול שחור אפור כותנה חולצת טי,₪30.15,3,90 נמכר,95,5439,0,110,1
גברים של מכנסי קזואל קיץ מוצק לנשימה שרוך כיס ישר מכנסיים זכר דק מהיר ייבוש מכנסי טרנינג ספורט מכנסיים,₪56.76,3.6,800+ נמכר,80.4,16324,0,480,1
2023 אסטון מרטין F1 צוות חולצות אופנה ספרדית מירוץ נהג פרננדו אלונסו 14 ולטייל 18 פנאי Harajuku חולצות,₪34.20,4.8,468 נמכר,90,16,0,120,1
פרארי 2023 עונה חדשה ג רזי 3D הדפסת ילדים גברים של ספורט קיץ גדולים איש בגדים קצר שרוול F1 נשים טי חולצות,₪15.26,4.4,128 נמכר,85.2,16,0,83,1
יוניסקס סתיו חורף פופולרי גרפיטי רקום מזדמן ספורט גבוהה מגבת תחתון כותנה אופנה גרבי גברים נשים,₪54.01,4,35 נמכר,88.4,160,1,80,1
2022 חדש Mens משובץ חולצת כותנה באיכות גבוהה נוער Mens עסקים מקרית ארוך שרוול חולצה זכר חברתי שמלת חולצות בגדים,₪54.07,4.7,34 נמכר,94,149,0,232,1
קיץ מקרית אימונית גברים של חולצה  מכנסיים חליפת יוקרה קצר שרוול מותג מודפס חולצות ריצה מכנסי טרנינג זכר ספורט,₪8.20,4.7,29 נמכר,94.4,20,0,162,1