Titels,Prices,Stars,Orders_Count,Seller_Rating,Seller_Followers,Shipping,Likes,Discounts
Mens Fishing Shirt 2023 Casual Shirt short Sleeve Shirts For Men Blusas Camisa Masculina Loose Windproof Waterproof Sunscreen,$45,4.5,344 Sold,97.1,348,1,256,0
Mens Cargo Shorts 2022 New Side Multi-pockets Men Loose Work Shorts Casual Short Pants Male Plus Size Summer Outdoor Shorts,$45,4.5,125 Sold,89.2,653,0,188,1
Men's Stretch Business Formal Dress Shirts Slim Fit Korean Fashion Blouse Luxury Social Shirts for Men,$45,3.6,28 Sold,87.1,4292,1,17,1
Men Pants Summer Harem Slacks Shorts Sport Sweatpants Drawstring Jogger Trousers Sportswear Slim Fit Black Jogger For Daily Work,$45,4.7,120 Sold,83.9,144,0,306,1
Official Aew All Elite Wrestling Orange Cassidy Yearbo Harajuku graphic t shirts short sleeve t-shirts Summer Men's clothing,$45,4.1,,77.3,3,0,3,1
"Camiseta con estampado de letras para hombre y mujer, ropa informal holgada de manga corta con personalidad, novedad de verano, 2023",$45,4.6,6 Vendidos,91.7,26,0,25,1
Omori Summer Top Clothes Men Print Aesthetic Streetwear Ulzzang T-shirt Tumblr Omori T Shirt Male,$45,4.6,394 Sold,94.1,455,0,4122,1
2023Outdoor Shirt Fluorescent High Visibility Safety Work Shirt Summer Breathable Work T Shirt Reflective Vest t-shirt Quick Dry,$45,5,16 Sold,91.5,155,0,5,1
Army Military Jackets Men Summer Thin Waterproof Windbreaker Quick Dry Tactical Skin Jacket UPF 50+ Breathable Raincoat 4XL 5XL,$45,4.5,15 Sold,91.2,13448,1,445,1
Fashion Men's Windbreak Bomber Jacket Spring Summer Man Casual Outdoors Portswear jacket Jackets for men Coats men clothing,$45,4.9,25 Sold,91.1,6115,0,19,1
winter Top quality new thermal underwear men underwear sets compression fleece sweat quick drying thermo underwear men clothing,$45,4.8,700+ Sold,95.4,1427,1,4954,1
6 farben Männer Tank Top Männer Stringer Tank Top Fitness Singulett Ärmelloses Shirt Workout Mann Unterhemd Kleidung Neue,$45,5,83 verkauft,96.5,172,0,220,1
Männer Sommer Shorts Einfarbig Zipper Pocket Plus Größe Dünne Schnell Trocken Capri Hosen Fitness Shorts Männlichen Kleidung Streetwear,$45,4.7,27 verkauft,79.5,2217,0,42,1
New Men Fake 2 IN 1 Sport Fitness Shorts Darc Wolves Patch Compression Double-Deck Shorts Quick Dry Gym Shorts Running Workout,$45,5,7 Sold,92.2,346,0,20,0
"사랑스러운 코끼리 여름 통기성 캐주얼 반바지, 재미있는 편안한 커플 반바지, 귀여운 재미있는 반바지, 집에서",$45,5,22 Sold,100,1,0,51,1
Men's Kevin Owens & Sami Zayn Black WrestleMania 39 Wrestle-Zayn-ia & KO-Mania T-Shirt White The Bloodline We The Ones T-Shirt,$45,4.7,6 Sold,87.1,17,0,5,1
Men's Winter Plus Velvet Thicker Corduroy Pants Loose Sweatpants Casual Harlan Fleece Trousers Bottoms for Men Plus Size M-4XL,$45,5,10 Sold,90.9,1842,1,23,1
Turkey Flag Country Outline - National Pride Istanbul funny Print Design T shirt Hip hop Tops o-neck short sleeve Tee shirt,$45,3.3,,100,38,0,,1
new arrived men t-shirt crew neck tees summer Can Read This My Invisibility Cloak Gift Idea Science many color tops loose style,$45,4.3,,85.7,160,0,,1
"Inaka-Short de sport en maille à séchage rapide pour hommes et femmes, bermuda de course, de basket-ball, de fitness, respirant, tendance, été, dean M, 2023",$45,3,39 Vendus,77.9,40,0,38,1
DARC SPORT Hip Hop Streetwear Man T-shirts Skull Flower Print T Shirt Men Summer 240g Cotton Tees O-Neck Short Sleeve Tees Tops,$45,5,23 Sold,88,959,0,22,1
Beach Shorts For Men Floral Print Board Shorts Surfing Quick Dry Lightweight Thin Beach Wear Bottoms Casual Hawaiian Shorts 2022,$45,1,,92.3,2813,1,21,1
Quality Men's Summer Short Sleeve Printed Dress Shirts Comfortable Button-down Collar Standard-fit Casual Blouse Tops Shirt,$45,4.4,113 Sold,93.1,2995,1,284,1
"Camisas casuales a la moda para hombre, camisas militares de camuflaje de algodón y lino, camisas de manga larga con bolsillos, Tops para fanáticos del ejército Safari",$45,5,,97,7708,0,708,0
Navy Blue Jacket for Man Jacquard Zipper Coat Pasiley Woven Sport Streetwear Uniform Long Sleeves Man Tops suit for Fall Winter,$45,5,13 Sold,97.2,2492,0,67,1
Summer Eric Emanuel Short Men Mesh Breathable Elastic Waist Casual Basketball Shorts Fashion Loose Gym Running Sport Pants Male,$45,3.5,,90.7,4324,0,27,1
2022 New Autumn Winter Men's Stretch Jeans Business Casual Classic Style Trousers Black Gray Straight Denim Pants Male Brand,$45,4.7,53 Sold,96.1,168327,1,602,0
Calgary men's Fashion Long Sleeve 3D Flames Zip Hoodies Stitching Design Flame Letter C Printing Sweatshirt,$45,4.2,,83.3,11,0,3,1
"Camiseta de marca para hombre, camisa informal de manga corta con solapa y costuras, Color sólido, 2022",$45,2.5,31 Vendidos,81.8,7,0,2,1
Printing style Cotton Polo Shirts for Men Casual Solid Color Slim Fit Mens Polos New Summer Fashion Brand Men Clothing,$45,3.9,28 Sold,33.3,2,0,23,1
Windbreak Men's Bomber jacket Casual Zipper Coat Outdoor Sports jacket Spring Autumn Military Motorcycle jacket Oversized 6XL,$45,3.5,22 Sold,90.6,18062,0,16,1
Men's Scorpion Fashion 3D Tanks Sleeveless Summer Street Style Tops 3D Animal Print Loose Casual Male Vest Top Big Size 6XL,$45,4.4,50 Sold,91.5,1641,0,27,1
2023 Brand Gym Mens Mesh Casual Running Tank Top Fashion Sport Sleeveless Quick-drying Vest Workout Clothing Bodybuilding Single,$45,4.8,26 Sold,84,4,0,8,1
Sex Instructor Funny Creative Mens Men T Shirt 2023 Novelty Short Sleeve O Neck Casual T-shirt Top Tee plus size,$45,4.8,5 Sold,86.7,79,0,2,1
Enjoy The Silence T Shirt Men Women DIY Print Enjoy The Silence Silence Music 80 S Violator Enjoy Retro 90 S Black Dm,$45,4,7 Sold,86.7,79,0,10,1
"Camisetas De Selena quintanilla para hombre y mujer, Tops de moda, camiseta de manga corta Unisex",$45,5,,95.7,932,0,286,1
Yu-Gi-Oh Anime Creative TShirt for Men Yeah Im GAY Muto Katsuya Anzu Mazaki Seto Kaiba Round Collar Basic T Shirt Gift Clothes,$45,4.7,,93.1,128,0,54,1
Spain T-Shirt Summer Men's T-Shirt Spain National Emblem Printed Casual Sweatshirt Woman T-shirts Oversize Hip Hop Harajuku Tees,$45,4.6,45 Sold,84.8,251,0,23,1
Retro Korol I Shut T Shirt Men Cotton Tshirt Short Sleeve Russian Horror Punk Band Tee The King and the Jester T-shirt Clothing,$45,5,59 Sold,96.2,22,0,104,1
New Men Women Cobra Kai Buttom Coat 3D Print Sweatshirt Hooded Hoodies Fashion Jacket Oversized Clothing Harajuku Hoodies,$45,4,,91.4,108,0,16,1
Akira Anime Graphic T Shirt Men Vintage Manga Tops Women Men Harajuku Fashion O-Neck Tee Summer Streetwear Casual Tops Black Tee,$45,4.6,37 Sold,92.4,366,0,115,1
"Футболка мужская с рисунком трупа мужа, хлопковая рубашка с круглым вырезом, с рисунком смеха, с короткими рукавами, красная",$45,4.4,4 продано,96.6,1484,0,414,1
Dani Pedrosa 26 T Shirt Gents Plus Customize Funny Black Shirt Letters Cheap Sale Weird Spring 2022,$45,4.5,,100,10,0,9,1
Anime Oshi No Ko Cute Ai Ruby and Aqua T Shirt Men/Women Harajuku Aesthetic Clothes Graphic Tshirts Manga Cartoon Cotton Tees,$45,4.3,9 Sold,97.2,220,0,42,1
"Camisas de vestir de alta calidad para hombre, camisa de manga larga ajustada, camisa Formal con botones, color blanco y negro, 2023",$45,4.6,182 Vendidos,94.9,12674,0,1090,1
Path of Exile Men Clothing Power Dark Fashion T-Shirt Tabula Rasa Short Sleeve for Adult O Neck Shirt Plus Size Tees Cool,$45,4,12 Sold,97.2,457,0,47,1
"Camiseta de estilo Retro GECS 90 S 100, camiseta activa 7DMN negro",$45,5,,92.5,536,0,7,1
Basic Minimalist Men Shirt Jacket Pure Cotton Washed Oxford Military Light Casual Work Safari Style Shirts Mens Tops Shirt,$45,1,,90.3,872,1,33,1
2020 New Arrival Men's Denim Jeans Straight Full Length Pants with High Elasticity Slim Pants Man Fashion Mid-waist Jeans men,$45,4.6,86 Sold,93.8,248,1,525,1
Mens Fashion Printed jeans Spring 2023 Mopping Trousers Jeans Korean Style High Street Loose Hip Hop Wide-leg Jean Pants,$45,4.6,314 Sold,93.1,10474,1,5861,1
Men Ripped Jeans Jumpsuit Summer Casual Fashion Ripped High Street Distressed Denim Overalls men,$45,4.1,26 Sold,89.4,316,1,154,1
Sweat Shorts Men 2022 Summer Elastic Waist Shorts Bermudas Male Plus Size Workout Casual Solid Color Jogger Shorts Zip Pockets,$45,3.9,,93.6,1060,1,71,1
Beautiful Carp Fishing 3D Print Men T Shirt Harajuku Fashion Short Sleeve Summer Streetwear Unisex Breathable Tops & Tees 5XL,$45,4.8,105 Sold,93.3,617,1,288,1
Juice Wrld 3D Print Hoodie Men/women Cool Juice Wrld Hoody Sweatshirt Casual Fashion Long Sleeve Hooded,$45,4.7,44 Sold,94.9,489,1,46,1
Vintage Women's Men's Korean Denim Pants Y2K Cltohes Streetwear Printed Patchwork Male Baggy Jeans Straight Trousers For Men,$45,4.8,500+ Sold,90.6,1444,1,6271,1
"Euow-ropa informal de algodón para hombre, transpirables camisas negras de verano, Tops de manga larga a la moda, camisas de lujo con cuello 4XL",$45,5,111 Vendidos,94.7,465,0,474,1
Summer New Men's Shorts skull Printing Design Casual men Shorts cotton hip hop Fashion Streetwear man SweatShorts male Clothing,$45,4.4,47 Sold,88.8,416,0,276,1
Sport Outdoor Cycling Thin Coat Jackets Man Casual Loose Men's Windbreakers Jacket Male's Candy-Colored Outwear Tops,$45,4.2,59 Sold,93.2,3464,0,183,1
High Quality Superbody Men's sexy Boxer Shorts Trunks Cotton solid shorts Men Brand Clothing Shorts Men Boxers Home Sleep Wear,$45,5,34 Sold,96.9,4019,1,1377,1
New brand Gym Clothing Tank Tops Fitness Mens Bodybuilding Tanktops Cotton Vest For Muscle Men body Workout Sleeveless Shirt,$45,4.5,8 Sold,94.3,21034,1,298,0
HOUZHOU Hip Hop Punk Jeans Men Denim Trousers Male Y2k Graphic Rave Pants for Men Loose Casual Black Korean Streetwear Hippie,$45,3,,89.2,13149,1,417,1
drop shipping men cool brand hoodie public enemy design brand Man crew neck hoodies cotton sweatshirt male fashion hoody,$45,4.3,,100,36,1,4,1
2023 New Spring Autumn Jacket Men Hooded Printed Multi-Pocket Breathable Jacket Casual Loose Thin Section Couple Outdoor Jacket,$45,4.7,7 Sold,97.3,158,1,38,0
"Gravel Bike-Camiseta de ciclismo para hombre, camisa de manga corta Harajuku, equipo fijo, deportiva, arte, informal, divertida, blanca, novedad de verano",$45,4.7,57 Vendidos,95.2,215,0,118,1
2022 Femmes À Capuche Patchwork Vers Le Bas Court Cardigan Veste Casual Mode Femme Vêtements Automne Noir PVD S-XL,$45,5,9 Vendus,93.3,89,0,20,1
"Vnazvnasi-Conjunto de Yoga para mujer, mallas y Tops de Fitness, trajes deportivos, ropa de gimnasio, Leggings de sostén sin costuras para Yoga, Tops y pantalones para correr, 2023",$45,4.8,1.000+ Vendidos,96.8,26146,0,24.4K,0
Mulheres casaco fino casual laço arco verão proteção solar roupas femininas cardigan camisa roupas tops blusa para senhora cobre blusa,$45,3.9,900+ Vendidos,85.5,2262,0,3455,1
SMFK T-shirt Women's Dance Wool Blend Short Sleeve Sports Street Summer Sexy Crop Top Casual Short T-shirts Slim Female Top Tee,$45,3.2,,100,186,1,10,0
"Manteau Mince Décontracté en Dentelle avec Nministériels d pour Femme, Vêtements de Protection Solaire, Cardigan, Chemise, Chemisier en Y",$45,3.9,+ 900 Vendus,85.5,2262,0,3455,1
"Pantalones vaqueros de cintura alta para Mujer, Vaqueros ajustados acampanados, elásticos Vintage lavados Y2k, estilo boyfriend, primavera 2022",$45,5,,95.4,1170,0,22,1
SMFK Women's Short Sleeve Cropped Top Dark Dance Troupe Hot Girl Slim Short T-Shirt Summer Female Casual Short Sleeve Crop Tops,$45,4.6,,100,186,1,12,0
Jielur Star Blue Straight Summer Chic Women Jeans Washed Cotton Denim Pants Korean Style High Waist Full Length Wide Leg Pants,$45,3.7,2 Sold,93.4,74121,1,1,1
"Pantalones vaqueros Acampanados para mujer, Vaqueros informales de pierna ancha, calados, cruzados, a la moda, envío gratis, 2023",$45,4,8 Vendidos,94.2,133,0,36,1
gothic clothes big print hoodies women's clothing Y2K style sweatshirt saucy kawaii women clothes streetwear 2023 summer,$45,4.7,2 Sold,90.3,2334,1,12,1
Irregular Gradient Jeans Skirt Women's Summer New Street Casual A-line Skirt Design Sense Niche Irregular High-waist Denim Skirt,$45,5,,100,203,1,,1
Preto de alta rua americano alfabeto jeans primavera moda retro solto hip-hop casal imprimir em linha reta calças casuais,$45,4.5,,92.3,3876,0,52,1
Casual Oversize Denim Trousers Loose Streetwear retro Skull Embroidery Washed Mens Jeans Pants Y2K Straight Pantalones,$45,5,,94.1,1368,1,6,1
ATHVOTAR Shorts Seamless Women Tie Dye Fashion Shorts Push Up High-Waist Female Pants Summer Cycling Fitness Sports Gym Shorts,$45,4.7,,91.9,9987,0,13,1
Sexy Tank Top Wrap Deep V Neck Cut Out Halter Crop Tops Women Bandage with Ring Backless Camisole Female Sleeveless Cropped Vest,$45,4.4,83 Sold,88.4,2236,0,163,1
Summer Fashion Elegant Two Piece Set African Women Casual Loose Flare Sleeve Tshirt Lace-up Print Skirt Two Piece Set Women,$45,3.1,800+ Sold,81.6,6109,0,1436,1
Flower Girls Petticoat Underskirt Cosplay Party Short Dress Jupon Enfant Fille Lolita Ballet Tutu Skirt Enaguas Sottogonna Mini,$45,5,,90.5,2870,1,153,1
Sexy do klubu na imprezę Spaghetti pasek Harajuku krótkie bluzki lato kobiety 2023 nowy bez rękawów Casual plaża czarny Y2k Streetwear Top Mujer,$45,4.3,37 sprzedany,86,18201,0,101,1
NORMOV Sexy Casual Tank Top Women Basics Seamless Streetwear Ribbed Knitted Crop Tops Running Workout Fitness Vest Top Female,$45,4.7,900+ Sold,93.5,20261,0,1742,1
X7YA Camisole for Women Fashion Spaghetti Strap Tank Tops Summer Lace Cami Crop Tops Solid Basic Sling Sleeveless T-shirt,$45,4.7,260 Sold,95.8,5827,1,288,1
2022 Sexy Lace Patchwork V-Neck Vest Summer Fashion Sleeveless Tee Tops Women's T-Shirt Camisole Tank Vest,$45,4,46 Sold,94,5016,1,96,1
2023 Summer New Denim skirts Women High Waist Personalized pattern Jeans Mini Skirts Casual A-line Jupe Femme p366,$45,4.7,178 Sold,93.5,718,1,6344,1
American Baseball Uniform Letter Print Jackets Coats Women Y2K Street Hip-Hop Trend Baseball Uniform Casual Loose Unisex Jackets,$45,4.4,,96.6,1693,1,135,1
Jielur New Loose Slim Summer Pants Woman Straight Side-striped Casual High Waist Pants Female White Black Korean Women's Pants,$45,4,10 Sold,95.7,49747,1,140,1
Woman Women Woman's Vests Tank Tops Modal Camisole Female Lace Fat Mm Camis Size Short Base Sexy Small Base Shirt Vest Top Shirt,$45,4.5,111 Sold,90.1,218,1,136,0
Aesthetic Funny Tooth Dentist Print Female Clothing T-shirt 90s Harajuku Kawaii O-neck Tshirt Summer Fashion Women's Top T Shirt,$45,3.7,39 Sold,89.3,153,0,141,1
Guns N Roses Band Top Graphic Tank Top Women Sexy Sleeveless Tee Causal Whiskey Femininas Shirt Cotton Vest Shirt Drop Shipping,$45,4.3,,90.6,1977,1,250,0
2020 Hot Sale Summer Anti Light Fake Two Piece Women Shorts Casual Sports Beach Mid Waist Solid Shorts Fashion Lace-up Ruffle,$45,4,,90.1,7871,1,8634,1
,$45,3.5,,94.6,57590,0,853,1
Deeptown Harajuku Bomber Jacket Women Vintage Y2k Streetwear Oversized Windbreaker Motorcycle Racing Jackets Gorpcore Korean New,$45,4.8,,84.6,371,1,89,1
Women Tops Blouses Summer Camisole Fashion Brand 0-neck Solid Chiffon Loose Plus Size Casual Women's Clothing Plus Size Blouse,$45,4.6,,94.8,18894,1,14,1
Long Sleeve White Blouse Women V-Neck Lace Blouse Shirt Women Tops Blusas Mujer De Moda 2022 Blouses Shirts Blusa Feminina G222,$45,5,25 Sold,94.2,9663,1,87,1
Korean Style Streetwear White Cargo Pants Women Hippie Oversize Pockets Black Jogging Loose Wide Leg Trousers For Female y2k,$45,2.3,13 Sold,88.2,4060,0,548,1
Lucyever Korean Style Hollow Out Sweaters Women 2022 Spring Fashion Glitter Knitted Jumper Woman Short Loose-fitting Female Top,$45,5,24 Sold,91.9,6799,1,49,1
High-quality Cotton Mom's Slim 90cm Ankle-length Pantalones Casual Oversized 4xl High Waist Suits Pants Office Pencil Trousers,$45,5,,88.7,13649,1,11,1
Straight Denim Jeans Women High Waist Star Pattern Print Patchwork Long Trousers Y2k Fashion Streetwear Baggy Pants Women,$45,5,,90.7,6054,1,304,1
Emo Cargo Shorts Women Summer Beach Shorts with Chain Black Hip Hop Streetwear Casual Female Sportswear Alt Pants Aesthetic,$45,5,46 Sold,94.6,920,0,543,0
Summer y2k Women Denim Shirt Dress Vintage Blue Jean Blouses Casual Long Sleeve Ladies Tops Blouse Femme Mini Dress Short Dresse,$45,4.9,73 Sold,88.1,5226,0,1315,1
Autumn Winter Bodycon Skirt Women Stretchable Split Skirt Mid Calf Slim Pencil Skirts For Women Female Knit Skirt,$45,5,12 Sold,89.1,1295,0,37,1
Elastic High Waist Straight Leg Jeans Bleached Vintage Women Baggy Pants Casual Vaqueros Denim Trousers Designer Pantalones 4XL,$45,3.6,,85.8,304,1,6,1
2023 Fashion Short Jackets For Cool Girls Long Sleeve Coats Chic With Pockets Jacket Women's Spring And Autumn Causal Outerwear,$45,5,4 Sold,92.8,1892,1,27,1
Casual Women Blue V Neck Lace Drawstring Slim Camisole 2022 Summer Fashion Ladies Spice Female Knitted Sleeveless Top,$45,4.3,23 Sold,95.1,4350,1,328,1
Women's Fashion Art 3D Printed Combo Legging Tanktop Hole Shirt Sleeveless Hollow Out Tank Top and High Waist Leggin Suit XS-8XL,$45,4.6,223 Sold,89.9,1123,1,1744,1
All-match Lace Stitching Single Breasted Denim Jacket Spring Autumn Loose Short Coat Women Fashion Long Sleeve Streetwear Jacket,$45,4.5,51 Sold,92.4,508,1,197,1
Sexy Side Zipper Denim Shorts Skinny Low Waist Mini Jeans With Pockets Nightclub 2022 Summer New,$45,3.8,29 Sold,90.4,3376,1,654,0
40 Ans 40th Years Birthday t-shirts women streetwear funny Tee girl harajuku designer graphic clothes,$45,3.1,34 Sold,83,1395,0,51,1
2022 Sexy Lace Patchwork V-Neck Vest Summer Fashion Sleeveless Tee Tops Women's T-Shirt Camisole Tank Vest,$45,4,46 Sold,94,5016,0,96,1
2023 Summer Women's Satin Skirt Elegant Purple A Line Shiny Skirt High Waist Mid-length Skirts Red Office Long Skirts for Womans,$45,4.3,16 Sold,98.1,774,1,39,0
Korean White Grey Crew Baggy Sweatshirt Women Fleece Thicken Fashion Retro Printing Street Lazy Wind Long Sleeves Pullover Top,$45,4.3,,98.3,385,1,,0
Girl's Fashion Women T Shirt Woman T-shirt 3D Fitness Absorb Sweat Tights Summer Compression Dry Quick T-shirt,$45,4.8,17 Sold,94.9,107,0,98,1
Spider Print Short T-shirt American Retro Street Slim Design Shirring Round Neck Short-sleeved Summer Top Women's Clothing 2023,$45,3.3,,100,73,1,5,1
SADE ADU Merch Tour T Shirt Vintage Short Sleeve 90s Rapper Singer Cotton Tee Shirt Women Summer Round Neck Tshirt Streetwear,$45,4.9,,95.9,706,1,159,0
Kawaii Mafalda Cartoon Graphic Print T-shirt Women Short Sleeve Kawaii Casual Mafalda Aesthetic T-shirts Female Korean Style Top,$45,3,4 Sold,88.8,379,0,31,1
Disney Hoodie Fashion Stitch Angel Monster Pocket Sweatshirt Pullover Cute hoodies Men's Women's Sweatshirt Cartoon Top y2k,$45,4,11 Sold,100,3,1,49,1
ALPHALETE Hot Sale Men Clothing Men Sets Printing Hoodie Set Fleece Zipper Hooded Sweatshirt + trousers Casual Mens Tracksuits,$45,3.8,1 Sold,89.5,628,0,33,1
2023 Summer Women's Retro Leisure Fashion Sling Sleeve Printing Loose Daily 2-piece Design Clothing,$45,5,,50,4,0,,1
Free Shipping Women Summer Sexy Skirt Solid Color Mini Skirt Jk Girl Pleated Miniskirt,$45,4.9,91 Sold,86.2,277,1,652,1
Ogilvy Mather Solid Elegant Female Lady Women's Legs Pants Palazzo Flared Wide Killer High Waist OL Ladies Career Long Trousers,$45,4.6,319 Sold,75,0,0,737,0
MOUKYUN Tutu Cake Skirts Women Elegant Cascading Ruffles A Line Long Skirts Female Casual Elastic Waist Party Lace Skirt Faldas,$45,4.7,230 Sold,93.1,140,1,489,1
Wishyear Summer Side Slit Pleated Denim Mini Skirt for Women Tassel Ripped A Line Split Jean Short Dress Night Club Rave Outfits,$45,5,5 Sold,85.9,4477,0,36,1
Nuove donne europee e americane in pu a gamba larga retrò di grandi dimensioni multi-tasche casual allentate dritte tute da donna pantaloni da donna,$45,4.5,,96.2,1182,0,468,1
2023 Spring Warm Gray Long Sleeve Bomber Jacket Women's Outerwear With Button Pockets Jacket Coat Thicken Coat Top For Women,$45,4.6,900+ Sold,93.1,1273,1,1732,1
2023 Women Spring New Casual Solid Color Jacket Women Covered Button Outwear Stand Collar Casual Women Jacket Coat,$45,3.6,,89.7,18063,1,1,1
French Temperament Suit Collar Femme Coat Single-breasted Loose Tops 2023 Summer Casual All-match Short-sleeved Tweed Coat Woman,$45,4.6,14 Sold,83.8,2939,1,25,1
Womens Denim Skirt Elastic Stretch Ankle Length Skinny Jeans Dress High Waist Hip Lifter Fishtail Skirt S 6XL 8XL 40,$45,4.4,,95,5792,1,340,0
Women Fashion Chiffon Wide Leg Pants High Waist New Summer 2023 Elegant Thin Black Skirts Bootleg Trousers Side Slit Two Layers,$45,4.3,,95,5792,1,58,0
Cotton Linen Shorts Women's Sport Shorts Summer Solid High Waist Black Shorts Women Fashion Plus Size Casual Basic Short Pants,$45,3.6,25 Sold,85,2826,1,3,1
Ruffled Quilting Short Type Parkas Coat Women 3 Colors Turn-down Collar Cardigan Long Sleeve Single Breasted Female Jacket,$45,4.9,52 Sold,94.1,11321,1,576,1
Design sense jeans skirt women's 2022 autumn new Korean version loose fake two-piece pants women's straight wide-leg pants,$45,5,,75,305,1,142,1
American women's jeans loose high street printing men and women Y2K retro hip-hop trend forest casual jeans free shipping,$45,4.3,,94.2,136,1,2,1
Women Bomber Jacket Light Ultra-thin Style Spring Autumn Female Slim Short Coat Warm Duck Down Plus Size 7XL Factory Outlet,$45,5,47 Sold,91.5,1394,0,57,1
Summer Women's Seamless Shorts Kiss Lip Pattern Workout Breathable Quick Dry Fitness Short Pants Sexy Beech Boardshorts Female,$45,4.7,200 Sold,89.7,1519,0,237,1
CHRLEISURE White Skirt Shorts Skirts Female Solid Color Hip-Lift Casual Culottes Tennis Skirt Women Skirts Womens 2021,$45,5,,94.8,99174,1,174,0
Short Jacket Women's 2022 Spring Autumn New Korean Style Fashion Corduroy Pink Yellow Thin Outerwear Casual Female Coat Tops,$45,4.8,,79.8,195,0,,1
Solid color summer women's tank tops Rib cotton Soft bottoming Tshirts Sleeveless streetwear tee tops all matching,$45,3.6,,92.1,522,0,2,1
Casual Pants Women Folds Loose High Street Elastic Waist Summer Thin Cool All-match Брюки Женские Korean Style Solid Simple Chic,$45,4.9,,85.1,1142,0,,1
Autumn winter new in outerwear chic loose knit integrated thick cardigan varsity jacket women lamb wool coat women fashion short,$45,5,1 Sold,90.2,3612,1,123,1
Cross Black Jeans Women Harajuku Style Y2k Streetwear High Waist Baggy Straight Wide Leg Pants Boyfriend Fashion Denim Trousers,$45,3,,92.2,103767,1,23,1
KK Women's Cardigan Open Front Shrug Bolero Tops Dots Printed Splicing Ruffles Summer Lightweight 3/4 Sleeve Chiffon Party Coat,$45,4.7,7 Sold,96.8,1173,1,6,1
Vintage Solid Pants Women Summer Trousers ZANZEA 2023 Casual Elastic Waist Shorts Female Side Pockets Cotton Turnip Oversized,$45,5,,93,14058,0,5,0
